Clapeyron Estimator,
[method=saturation_rhov, species=CC]
T,out_rhov
125,0.666526483
130,1.189316797
135,2.020269811
140,3.285657211
145,5.141246042
150,7.773212961
155,11.39823633
160,16.26298774
165,22.64327537
170,30.84307852
175,41.19368677
180,54.05314253
185,69.80619126
190,88.86496443
195,111.6706447
200,138.6963857
205,170.4517809
210,207.489214
215,250.4124861
220,299.888242
225,356.660922
230,421.5723041
235,495.5872196
240,579.8278454
245,675.6202677
250,784.5591834
255,908.6004579
260,1050.198121
265,1212.514244
270,1399.752629
275,1617.718133
