Clapeyron Estimator,
[method=saturation_rhov, species=CCCCCCC]
T,out_rhov
201,0.0014578
206,0.0026464
211,0.0046448
216,0.0079022
221,0.013061
226,0.021017
231,0.032987
236,0.050589
241,0.075925
246,0.11168
251,0.1612
256,0.22863
261,0.31897
266,0.43819
271,0.59333
276,0.79259
281,1.0454
286,1.3624
291,1.7557
296,2.2388
301,2.8266
306,3.5356
311,4.3835
316,5.39
321,6.5761
326,7.9643
331,9.5788
336,11.445
341,13.592
346,16.047
351,18.842
356,22.01
361,25.585
366,29.604
371,34.106
376,39.133
381,44.728
386,50.938
391,57.812
396,65.405
401,73.772
406,82.977
411,93.085
416,104.17
421,116.31
426,129.59
431,144.1
436,159.96
441,177.29
446,196.21
451,216.87
456,239.45
