Clapeyron Estimator,,
[method=saturation_p, species=CCCCCCC],
T,out_P,
182.55,1.74E-01,
187.55,3.78E-01,
192.55,7.83E-01,
197.55,1.55E+00,
202.55,2.96E+00,
207.55,5.46E+00,
212.55,9.71E+00,
217.55,1.68E+01,
222.55,2.81E+01,
227.55,4.58E+01,
232.55,7.30E+01,
237.55,113.541803,
242.55,172.8626919,
247.55,257.916085,
252.55,377.6189474,
257.55,543.1859013,
262.55,768.4982416,
267.55,1070.484472,
272.55,1469.504814,
277.55,1989.731844,
282.55,2659.51954,
287.55,3511.753374,
292.55,4584.174794,
297.55,5919.674368,
302.55,7566.548908,
307.55,9578.719103,
312.55,12015.90541,
317.55,14943.7612,
322.55,18433.9632,
327.55,22564.26064,
332.55,27418.48502,
337.55,33086.52371,
342.55,39664.26092,
347.55,47253.49029,
352.55,55961.80364,
357.55,65902.46074,
362.55,77194.24499,
367.55,89961.31014,
372.55,104333.0227,
377.55,120443.8051,
382.55,138432.9843,
387.55,158444.6497,
392.55,180627.5258,
397.55,205134.8631,
402.55,232124.3511,
407.55,261758.059,
412.55,294202.4064,
417.55,329628.1697,
422.55,368210.5264,
427.55,410129.1438,
432.55,455568.3141,
437.55,504717.1424,
442.55,557769.7942,
447.55,614925.8094,
452.55,676390.4976,
457.55,742375.4275,
462.55,813099.0357,
467.55,888787.383,
472.55,969675.1012,
477.55,1056006.587,
482.55,1148037.525,
487.55,1246036.852,
