Clapeyron Estimator,
[method=saturation_rhov, species=CCCCCCCC]
T,out_rhov
227,0.0037189
232,0.0061704
237,0.0099778
242,0.015752
247,0.024315
252,0.036755
257,0.054478
262,0.079275
267,0.11338
272,0.15956
277,0.22115
282,0.30214
287,0.40728
292,0.54207
297,0.71288
302,0.92701
307,1.1927
312,1.5192
317,1.9168
322,2.397
327,2.9721
332,3.656
337,4.4633
342,5.4101
347,6.5136
352,7.7923
357,9.2658
362,10.955
367,12.882
372,15.072
377,17.548
382,20.337
387,23.468
392,26.97
397,30.875
402,35.217
407,40.031
412,45.355
417,51.23
422,57.7
427,64.811
432,72.614
437,81.163
442,90.518
447,100.74
452,111.91
457,124.1
462,137.39
467,151.89
472,167.71
477,184.96
482,203.79
487,224.35
492,246.84
497,271.47
502,298.49
507,328.23
512,361.04
