Clapeyron Estimator,
[method=saturation_rhol, species=CCCCCCCC],
T,out_rhol,
220,6656.139815,
225,6624.825394,
229,6593.616025,
233,6562.502955,
238,6531.459919,
242,6500.486919,
247,6469.55769,
251,6438.680988,
255,6407.830549,
260,6376.997618,
264,6346.182197,
269,6315.358021,
273,6284.525091,
277,6253.674651,
282,6222.789195,
286,6191.859966,
291,6160.886966,
295,6129.84393,
300,6098.73086,
304,6067.539,
308,6036.250842,
313,6004.857631,
317,5973.350613,
322,5941.721034,
326,5909.951385,
330,5878.041666,
335,5845.974368,
339,5813.731982,
344,5781.314509,
348,5748.695685,
353,5715.87551,
357,5682.827721,
361,5649.552318,
366,5616.023039,
370,5582.231128,
375,5548.159076,
379,5513.789376,
383,5479.113272,
388,5444.095748,
392,5408.736802,
397,5373.001419,
401,5336.872088,
405,5300.322546,
410,5263.335286,
414,5225.875289,
419,5187.925047,
423,5149.440788,
428,5110.405002,
432,5070.773919,
436,5030.503766,
441,4989.559525,
445,4947.888671,
450,4905.447431,
454,4862.18328,
458,4818.026181,
463,4772.906101,
467,4726.761758,
472,4679.4881,
476,4631.006337,
480,4581.202663,
485,4529.945761,
489,4477.104317,
494,4422.503242,
498,4365.967448,
503,4307.260569,
507,4246.119971,
511,4182.230497,
516,4115.198201,
520,4044.541591,
525,3969.674123,
529,3889.825413,
533,3803.979952,
538,3710.789565,
542,3608.345797,
547,3493.856,
551,3362.951739,
555,3208.165526,
560,3014.903809,
564,2746.870922,
569,2254.507018,